"Epic","Feature","Story","FAILED","BROKEN","PASSED","SKIPPED","UNKNOWN"
"","u-flow-upload-to-attsto","","0","0","18","0","0"
"","u-flow-log-levels","","1","0","1","27","0"
"","w-flow-hp-count-001","","0","0","19","0","0"
"","u-crud-attach-file-not-secure","","0","0","17","0","0"
"","u-flow-api-gesapiope","","0","0","22","0","0"
"","u-flow-patch-a-folder","","0","0","10","0","0"
"","u-flow-api-activity-codes-package-link","","0","0","19","0","0"
"","u-flow-api-nodes-based-on-views","","0","1","8","5","0"
"","u-flow-api-gesapiope-class","","0","0","22","0","0"
"","u-flow-call-function","","0","0","54","0","0"
"","u-flow-api-gesawm-gesanodeb","","0","0","13","0","0"
"","u-crud-attach-file-secure","","0","0","23","0","0"
"","u-flow-patch-create-integration","","0","0","9","0","0"
"","u-crud-activitycode","","0","0","7","0","0"
"","u-crud-groups-of-tasks","","0","0","29","0","0"
"","u-crud-numeric-iso-isonumcod","","0","0","7","0","0"
"","u-crud-areadlog-archive-refresh-batch","","0","0","4","0","0"
"","u-crud-restwebserv-create","","0","0","3","0","0"
"","upre-flow-qlf-clean-tables","","0","0","3","0","0"
"","wpre-flow-initiating-site-depositor","","0","0","5","0","0"
"","u-crud-gesatb","","0","0","7","0","0"
"","u-crud-areadlog","","0","0","7","0","0"
"","u-flow-patch-a-view","","1","0","2","8","0"
"","u-flow-upload-file-non-classic-page","","0","0","6","0","0"
"","u-crud-mail-server-workflow-mail-attachmend-send-new","","0","0","11","0","0"
"","u-flow-change-language","","0","0","3","0","0"
"","u-flow-api-data-model-link","","0","0","10","0","0"
"","upre-flow-show-RT-version","","0","0","5","0","0"
"","u-flow-upload-file-classic-page","","0","0","7","0","0"
"","u-crud-mail-server-theme-send-new","","0","0","10","0","0"
"","u-crud-country-eori","","0","0","6","0","0"
"","u-crud-gestcy","","0","0","6","0","0"
"","u-flow-api-gesapack","","0","0","16","0","0"
"","wpre-flow-menu-item-import","","0","0","3","0","0"
"","u-crud-gesawi","","0","0","9","0","0"
"","u-flow-gesaoe-add-insert-field","","0","0","6","0","0"
"","w-crud-gescas","","0","0","4","0","0"
"","u-crud-views","","0","0","6","0","0"
"","u-crud-gesaus","","0","0","6","0","0"
"","u-crud-script-orareq3","","0","0","3","0","0"
"","u-flow-api-gesaenumb","","0","0","9","0","0"
"","upre-flow-set-presetting-parameters","","0","0","14","0","0"
"","u-flow-print-server","","0","0","5","0","0"
"","upre-flow-mail-server-create","","0","0","5","0","0"
"","u-flow-performance-page-criteria","","0","0","4","0","0"
"","u-crud-script-orareq2","","0","0","3","0","0"
"","w-flow-receipts-addressing-storing-001","","0","0","12","0","0"
"","u-flow-performance-tests-valdico","","0","0","4","0","0"
"","wpre-flow-initiating-default-language","","0","0","2","0","0"
"","upre-flow-change-locale","","0","0","1","0","0"
"","u-flow-login","","0","0","1","0","0"
"","u-crud-script-orareq1","","0","0","3","0","0"
